<?xml version="1.0" encoding="UTF-8" standalone="yes"?>
<addon id="repository.cabrones" name="[COLOR lime]Repositorio[/COLOR] Cabrones" version="1.0.2" provider-name="Manuel">
    <extension point="xbmc.addon.repository" name="Repositorio cabrones">
        <info>https://raw.githubusercontent.com/brontcav/Report/master/Repositorio/addons.xml</info>
        <checksum>https://raw.githubusercontent.com/brontcav/Report/master/Repositorio/addons.xml.md5</checksum>
        <datadir zip="true">https://raw.githubusercontent.com/brontcav/Report/master/Repositorio/</datadir>
    </extension>
    <extension point="xbmc.addon.metadata">
        <summary>Repositorio para cabrones</summary>
        <description></description>
        <disclaimer></disclaimer>
        <platform>all</platform>
    </extension>
</addon>
