<?xml version="1.0" encoding="UTF-8" standalone="yes"?>
<addon id="repository.repocabrones" name="[COLOR lime]Repositorio[/COLOR] Cabrones" version="1.0.2" provider-name="Manuel">
    <extension point="xbmc.addon.repository" name="Repositorio Cabrones">
        <info>https://raw.githubusercontent.com/Manuel72/Report/master/Repositorio/addons.xml</info>
        <checksum>https://raw.githubusercontent.com/Manuel72/Report/master/Repositorio/addons.xml.md5</checksum>
        <datadir zip="true">https://raw.githubusercontent.com/Manuel72/master/Repositorio/</datadir>
    </extension>
    <extension point="xbmc.addon.metadata">
        <summary>Repositorio para Crabrones S.A.</summary>
        <description></description>
        <disclaimer></disclaimer>
        <platform>all</platform>
    </extension>
</addon>
